{"cameraMode":{"drawMode":0,"name":"Shaded","section":"Shading Mode"},"sceneLighting":true,"audioPlay":false,"sceneViewState":{"showFog":false,"showMaterialUpdate":false,"showSkybox":false,"showFlares":false,"showImageEffects":false,"showParticleSystems":false},"in2DMode":false,"pivot":{"x":-0.21004287898540498,"y":1.3911738395690919,"z":-1.0976896286010743},"rotation":{"x":-0.24703632295131684,"y":0.13953186571598054,"z":-0.035971809178590778,"w":-0.958234429359436},"size":2.1557676792144777,"orthographic":false}